Model,Prediction Count - Class 1,Prediction Count - Class 0,Class 0 - precision,Class 0 - recall,Class 0 - f1-score,Class 0 - support,Class 1 - precision,Class 1 - recall,Class 1 - f1-score,Class 1 - support,accuracy,macro avg - precision,macro avg - recall,macro avg - f1-score,macro avg - support,weighted avg - precision,weighted avg - recall,weighted avg - f1-score,weighted avg - support
distilroberta-base-5-epochs,467,233,0.5493562231759657,0.5981308411214953,0.5727069351230424,214.0,0.815845824411135,0.7839506172839507,0.7995802728226653,486.0,0.7271428571428571,0.6826010237935503,0.691040729202723,0.6861436039728539,700.0,0.7343761463192404,0.7271428571428571,0.7302218524402092,700.0
